{"cameraMode":{"drawMode":0,"name":"Shaded","section":"Shading Mode"},"sceneLighting":true,"audioPlay":false,"sceneViewState":{"showFog":false,"showMaterialUpdate":false,"showSkybox":false,"showFlares":false,"showImageEffects":false,"showParticleSystems":false},"in2DMode":false,"pivot":{"x":2.2273335456848146,"y":-0.15557622909545899,"z":86.9000015258789},"rotation":{"x":-0.000593531527556479,"y":0.14350514113903047,"z":0.00008642978355055675,"w":0.9896494150161743},"size":10.987787246704102,"orthographic":false}