{"cameraMode":{"drawMode":0,"name":"Shaded","section":"Shading Mode"},"sceneLighting":true,"audioPlay":false,"sceneViewState":{"showFog":false,"showMaterialUpdate":false,"showSkybox":false,"showFlares":false,"showImageEffects":false,"showParticleSystems":false},"in2DMode":false,"pivot":{"x":-0.3610410690307617,"y":0.7419589757919312,"z":0.5845849514007568},"rotation":{"x":-0.1837473064661026,"y":0.5390973091125488,"z":-0.12186110019683838,"w":-0.8128719925880432},"size":10.957880973815918,"orthographic":false}