{"cameraMode":{"drawMode":0,"name":"Shaded","section":"Shading Mode"},"sceneLighting":true,"audioPlay":false,"sceneViewState":{"showFog":false,"showMaterialUpdate":false,"showSkybox":false,"showFlares":false,"showImageEffects":false,"showParticleSystems":false},"in2DMode":false,"pivot":{"x":1.2164632081985474,"y":3.2245373725891115,"z":-4.327389717102051},"rotation":{"x":0.3137078583240509,"y":0.17525611817836762,"z":-0.05903228744864464,"w":0.9313366413116455},"size":18.370054244995118,"orthographic":false}