{"cameraMode":{"drawMode":0,"name":"Shaded","section":"Shading Mode"},"sceneLighting":true,"audioPlay":false,"sceneViewState":{"showFog":false,"showMaterialUpdate":false,"showSkybox":false,"showFlares":false,"showImageEffects":false,"showParticleSystems":false},"in2DMode":false,"pivot":{"x":1.4326725006103516,"y":-1.3244390487670899,"z":-0.08768868446350098},"rotation":{"x":0.5776869058609009,"y":-0.0036731408908963205,"z":0.00259958254173398,"w":0.8162460923194885},"size":3.219099760055542,"orthographic":false}