{"cameraMode":{"drawMode":0,"name":"Shaded","section":"Shading Mode"},"sceneLighting":true,"audioPlay":false,"sceneViewState":{"showFog":false,"showMaterialUpdate":false,"showSkybox":false,"showFlares":false,"showImageEffects":false,"showParticleSystems":false},"in2DMode":false,"pivot":{"x":-0.007968001067638398,"y":0.03417140245437622,"z":-0.3330584764480591},"rotation":{"x":-0.28043416142463686,"y":0.2612228989601135,"z":-0.07960755378007889,"w":-0.9202075600624085},"size":0.2926049828529358,"orthographic":false}